{
  "version": 1,
  "cameras": [
    "c001",
    "c002",
    "c003",
    "c004"
  ],
  "pairs": [
    {
      "src_cam": "c001",
      "ref_cam": "c002",
      "H": [
        [
          1.343883991241455,
          -1.3119053840637207,
          -825.7798461914062
        ],
        [
          0.1690097451210022,
          -1.2603600025177002,
          -89.25968170166016
        ],
        [
          0.00011992576764896512,
          -0.010420876555144787,
          1.0
        ]
      ],
      "tau": 189.94974874371857,
      "pair_f1": 0.23227383863080683,
      "margin": 20.0,
      "hull_src": [
        [
          600.5,
          188.0
        ],
        [
          571.5,
          360.0
        ],
        [
          212.0,
          360.0
        ],
        [
          88.5,
          266.0
        ],
        [
          107.5,
          227.0
        ],
        [
          362.0,
          102.0
        ],
        [
          365.5,
          101.0
        ],
        [
          583.0,
          167.0
        ],
        [
          585.0,
          168.0
        ]
      ],
      "hull_ref": [
        [
          599.5,
          191.0
        ],
        [
          568.0,
          360.0
        ],
        [
          87.5,
          360.0
        ],
        [
          286.0,
          68.0
        ],
        [
          286.5,
          68.0
        ],
        [
          594.5,
          185.0
        ]
      ]
    },
    {
      "src_cam": "c001",
      "ref_cam": "c003",
      "H": [
        [
          0.31899839639663696,
          3.1266839504241943,
          -1359.0841064453125
        ],
        [
          -0.16134865581989288,
          -2.657419443130493,
          269.2822265625
        ],
        [
          0.0006304910639300942,
          -0.016508910804986954,
          1.0
        ]
      ],
      "tau": 51.256281407035175,
      "pair_f1": 0.5,
      "margin": 20.0,
      "hull_src": [
        [
          600.5,
          188.0
        ],
        [
          591.0,
          235.0
        ],
        [
          550.0,
          314.0
        ],
        [
          537.0,
          320.0
        ],
        [
          326.0,
          360.0
        ],
        [
          172.0,
          360.0
        ],
        [
          140.0,
          355.0
        ],
        [
          120.5,
          344.0
        ],
        [
          79.5,
          307.0
        ],
        [
          44.0,
          166.0
        ],
        [
          48.0,
          161.0
        ],
        [
          359.5,
          98.0
        ],
        [
          367.5,
          98.0
        ],
        [
          583.0,
          167.0
        ],
        [
          585.0,
          168.0
        ]
      ],
      "hull_ref": [
        [
          604.5,
          123.0
        ],
        [
          604.0,
          186.0
        ],
        [
          602.0,
          189.0
        ],
        [
          567.0,
          210.0
        ],
        [
          68.5,
          229.0
        ],
        [
          32.0,
          157.0
        ],
        [
          43.5,
          151.0
        ],
        [
          232.0,
          63.0
        ],
        [
          585.0,
          118.0
        ],
        [
          596.0,
          120.0
        ]
      ]
    },
    {
      "src_cam": "c001",
      "ref_cam": "c004",
      "H": [
        [
          -0.20942407846450806,
          -6.043162822723389,
          1021.4994506835938
        ],
        [
          0.00577726773917675,
          -1.0288971662521362,
          55.43594741821289
        ],
        [
          -0.0007005584193393588,
          -0.006543469149619341,
          1.0
        ]
      ],
      "tau": 123.6180904522613,
      "pair_f1": 0.3670886075949367,
      "margin": 20.0,
      "hull_src": [
        [
          600.5,
          188.0
        ],
        [
          585.5,
          229.0
        ],
        [
          567.0,
          258.0
        ],
        [
          544.5,
          261.0
        ],
        [
          504.5,
          263.0
        ],
        [
          420.0,
          264.0
        ],
        [
          352.0,
          261.0
        ],
        [
          106.5,
          228.0
        ],
        [
          56.0,
          175.0
        ],
        [
          53.0,
          164.0
        ],
        [
          389.5,
          118.0
        ],
        [
          596.0,
          157.0
        ],
        [
          599.5,
          158.0
        ]
      ],
      "hull_ref": [
        [
          605.5,
          215.0
        ],
        [
          590.0,
          286.0
        ],
        [
          521.0,
          360.0
        ],
        [
          94.0,
          360.0
        ],
        [
          53.0,
          354.0
        ],
        [
          46.5,
          353.0
        ],
        [
          48.0,
          336.0
        ],
        [
          64.0,
          221.0
        ],
        [
          229.0,
          99.0
        ],
        [
          266.0,
          99.0
        ],
        [
          578.5,
          190.0
        ],
        [
          595.5,
          201.0
        ],
        [
          597.0,
          202.0
        ],
        [
          604.5,
          208.0
        ]
      ]
    },
    {
      "src_cam": "c002",
      "ref_cam": "c003",
      "H": [
        [
          0.24726776778697968,
          -0.4335048198699951,
          84.35643768310547
        ],
        [
          0.11454113572835922,
          -0.7152647376060486,
          221.8155059814453
        ],
        [
          0.0013033768627792597,
          -0.004041816107928753,
          1.0
        ]
      ],
      "tau": 38.19095477386934,
      "pair_f1": 0.2992592592592593,
      "margin": 20.0,
      "hull_src": [
        [
          599.5,
          191.0
        ],
        [
          568.0,
          360.0
        ],
        [
          87.5,
          360.0
        ],
        [
          54.0,
          196.0
        ],
        [
          50.5,
          178.0
        ],
        [
          52.0,
          177.0
        ],
        [
          286.5,
          68.0
        ],
        [
          287.0,
          68.0
        ],
        [
          594.5,
          185.0
        ]
      ],
      "hull_ref": [
        [
          596.0,
          242.0
        ],
        [
          591.5,
          254.0
        ],
        [
          138.5,
          360.0
        ],
        [
          44.5,
          303.0
        ],
        [
          42.5,
          286.0
        ],
        [
          32.0,
          157.0
        ],
        [
          350.5,
          62.0
        ],
        [
          516.0,
          145.0
        ],
        [
          577.5,
          177.0
        ],
        [
          581.0,
          179.0
        ]
      ]
    },
    {
      "src_cam": "c002",
      "ref_cam": "c004",
      "H": [
        [
          0.1684167981147766,
          -2.151616096496582,
          965.3019409179688
        ],
        [
          0.027668863534927368,
          0.48371240496635437,
          90.14151000976562
        ],
        [
          -0.0005675900029018521,
          0.0008485662401653826,
          1.0
        ]
      ],
      "tau": 46.23115577889447,
      "pair_f1": 0.9629629629629629,
      "margin": 20.0,
      "hull_src": [
        [
          577.0,
          247.0
        ],
        [
          568.0,
          360.0
        ],
        [
          87.5,
          360.0
        ],
        [
          43.0,
          159.0
        ],
        [
          54.0,
          157.0
        ],
        [
          78.5,
          155.0
        ],
        [
          91.0,
          154.0
        ],
        [
          107.0,
          154.0
        ],
        [
          118.5,
          156.0
        ],
        [
          401.5,
          207.0
        ]
      ],